{"posicion":{"x":20.116926193237306,"y":-17.53767967224121,"z":0.0},"vida":0}